"score","new_score","n"
0,0.888888888888889,5219
0.666667,1.55555555555556,3722
0,1.11111111111111,194
0.666667,1.11111111111111,62
0,0.444444444444444,30
0.666667,1.33333333333333,28
1.33333,1.55555555555556,14
0,1.33333333333333,13
0,0.666666666666667,7
1.33333,1.77777777777778,5
0.666667,0.888888888888889,2
0,0.222222222222222,1
1.33333,2,1
